<?xml version="1.0" encoding="iso-8859-1"?>
<!DOCTYPE BaseCompetitionIndividuelle>
<BaseCompetitionIndividuelle xmlns:xsd="http://www.w3.org/2001/XMLSchema" xmlns:xsi="http://www.w3.org/2001/XMLSchema-instance" Championnat="FIE" ID="467" Arme="S" Sexe="F" Domaine="I" Federation="GBR" Categorie="S" TitreLong="England Cup" Annee="2006/2007" Date="03.02.2007" DateFichierXML="01.02.2007 13:23">
  <Tireurs>
    <Tireur ID="4293" Nom="AGUSTSDOTTIR" Prenom="Thorbjorg" Sexe="F" Nation="ISL" Licence="14031981000" Statut="N" DateNaissance="14.03.1981" Classement="130" Points="8" />
    <Tireur ID="2694" Nom="ARGIOLAS" Prenom="Cecile" Sexe="F" Nation="FRA" Licence="06071976001" Statut="N" DateNaissance="06.07.1976" Classement="27" Points="66" />
    <Tireur ID="13991" Nom="ASHTON" Prenom="Jenna-Marie" Sexe="F" Nation="GBR" Licence="14031983004" Statut="N" DateNaissance="14.03.1983" Classement="264" Points="0" />
    <Tireur ID="8451" Nom="BARATTA" Prenom="Emma" Sexe="F" Nation="USA" Licence="05071984002" Statut="N" DateNaissance="05.07.1984" Classement="59" Points="32" />
    <Tireur ID="8745" Nom="BENITEZ" Prenom="Alejandra" Sexe="F" Nation="VEN" Licence="07071980001" Statut="N" DateNaissance="07.07.1980" Classement="25" Points="66" />
    <Tireur ID="2721" Nom="BERENGIER" Prenom="Julie" Sexe="F" Nation="FRA" Licence="12111980000" Statut="N" DateNaissance="12.11.1980" Classement="89" Points="16" />
    <Tireur ID="2722" Nom="BERTHIER" Prenom="Anne-laure" Sexe="F" Nation="FRA" Licence="04101985001" Statut="N" DateNaissance="04.10.1985" Classement="82" Points="16" />
    <Tireur ID="18218" Nom="BILARDI" Prenom="Angela" Sexe="F" Nation="GBR" Licence="26081988000" Statut="N" DateNaissance="26.08.1988" />
    <Tireur ID="7207" Nom="BLOCK" Prenom="Reija" Sexe="F" Nation="GER" Licence="11101988000" Statut="N" DateNaissance="11.10.1988" Classement="145" Points="6" />
    <Tireur ID="3113" Nom="BOND-WILLIAMS" Prenom="Louise" Sexe="F" Nation="GBR" Licence="14051982002" Statut="N" DateNaissance="14.05.1982" Classement="32" Points="58" />
    <Tireur ID="9080" Nom="BORRMANN" Prenom="Sarah" Sexe="F" Nation="USA" Licence="06111988000" Statut="N" DateNaissance="06.11.1988" Classement="106" Points="12" />
    <Tireur ID="7961" Nom="BROOKS" Prenom="Jessica" Sexe="F" Nation="AUS" Licence="23081985000" Statut="N" DateNaissance="23.08.1985" Classement="338" Points="0" />
    <Tireur ID="4286" Nom="BYRNE" Prenom="Siobhan" Sexe="F" Nation="IRL" Licence="13081984000" Statut="N" DateNaissance="13.08.1984" Classement="53" Points="36" />
    <Tireur ID="16621" Nom="CARSON" Prenom="Rebecca" Sexe="F" Nation="GBR" Licence="19101989000" Statut="N" DateNaissance="19.10.1989" Classement="157" Points="5" />
    <Tireur ID="2429" Nom="CASARES" Prenom="Natalia" Sexe="F" Nation="ESP" Licence="02031984001" Statut="N" DateNaissance="02.03.1984" Classement="128" Points="8" />
    <Tireur ID="2437" Nom="CHICHON" Prenom="Vanesa" Sexe="F" Nation="ESP" Licence="05091985000" Statut="N" DateNaissance="05.09.1985" Classement="63" Points="28" />
    <Tireur ID="1945" Nom="CLOUTIER" Prenom="Julie" Sexe="F" Nation="CAN" Licence="24041986000" Statut="N" DateNaissance="24.04.1986" Classement="51" Points="36" />
    <Tireur ID="9335" Nom="COLLIER" Prenom="Ellie" Sexe="F" Nation="GBR" Licence="11101980002" Statut="N" DateNaissance="11.10.1980" Classement="256" Points="1" />
    <Tireur ID="4042" Nom="CSABA" Prenom="Edina" Sexe="F" Nation="HUN" Licence="15051979000" Statut="N" DateNaissance="15.05.1979" Classement="15" Points="104" />
    <Tireur ID="2443" Nom="CUSSO" Prenom="Lorena" Sexe="F" Nation="ESP" Licence="20031983000" Statut="N" DateNaissance="20.03.1983" Classement="176" Points="4" />
    <Tireur ID="8264" Nom="DANION" Prenom="Marie-catherine" Sexe="F" Nation="FRA" Licence="31011986001" Statut="N" DateNaissance="31.01.1986" Classement="99" Points="12" />
    <Tireur ID="18977" Nom="DE RECHTER" Prenom="Mirella" Sexe="F" Nation="BEL" Licence="15011974001" Statut="N" DateNaissance="15.01.1974" Classement="357" Points="0" />
    <Tireur ID="2804" Nom="DORON" Prenom="Julie" Sexe="F" Nation="FRA" Licence="16041982001" Statut="N" DateNaissance="16.04.1982" Classement="113" Points="10" />
    <Tireur ID="5254" Nom="ESIMAJE" Prenom="Jacqueline" Sexe="F" Nation="NGR" Licence="15101969000" Statut="N" DateNaissance="15.10.1969" Classement="203" Points="3" />
    <Tireur ID="18417" Nom="FAIRHEAD" Prenom="Helen" Sexe="F" Nation="GBR" Licence="21111980000" Statut="N" DateNaissance="21.11.1980" Classement="205" Points="2" />
    <Tireur ID="3194" Nom="GATHERCOLE" Prenom="Nicola" Sexe="F" Nation="GBR" Licence="17081976000" Statut="N" DateNaissance="17.08.1976" Classement="209" Points="2" />
    <Tireur ID="9109" Nom="GRENCH" Prenom="Eileen" Sexe="F" Nation="USA" Licence="05081986002" Statut="N" DateNaissance="05.08.1986" Classement="80" Points="18" />
    <Tireur ID="17058" Nom="HASSETT" Prenom="Eileen" Sexe="F" Nation="USA" Licence="19041989003" Statut="N" DateNaissance="19.04.1989" Classement="68" Points="24" />
    <Tireur ID="9829" Nom="HENDRA" Prenom="Katie" Sexe="F" Nation="GBR" Licence="06041988000" Statut="N" DateNaissance="06.04.1988" Classement="142" Points="6" />
    <Tireur ID="4780" Nom="HISAGAE" Prenom="Madoka" Sexe="F" Nation="JPN" Licence="11011979000" Statut="N" DateNaissance="11.01.1979" Classement="23" Points="78" />
    <Tireur ID="3227" Nom="HULL" Prenom="Rosalind-Eleanor" Sexe="F" Nation="GBR" Licence="04061981000" Statut="N" DateNaissance="04.06.1981" Classement="158" Points="5" />
    <Tireur ID="3229" Nom="HUTCHISON" Prenom="Jane s" Sexe="F" Nation="GBR" Licence="16031957000" Statut="N" DateNaissance="16.03.1957" Classement="204" Points="3" />
    <Tireur ID="3231" Nom="HUTCHISON" Prenom="Joanna" Sexe="F" Nation="GBR" Licence="08021986002" Statut="N" DateNaissance="08.02.1986" Classement="42" Points="42" />
    <Tireur ID="6606" Nom="JACOBSON" Prenom="Sada" Sexe="F" Nation="USA" Licence="14021983002" Statut="N" DateNaissance="14.02.1983" Classement="3" Points="246" />
    <Tireur ID="2885" Nom="JEAN BAPTISTE" Prenom="Audrey" Sexe="F" Nation="FRA" Licence="21061986000" Statut="N" DateNaissance="21.06.1986" />
    <Tireur ID="2889" Nom="JEANNY" Prenom="Caroline" Sexe="F" Nation="FRA" Licence="19111985001" Statut="N" DateNaissance="19.11.1985" Classement="78" Points="20" />
    <Tireur ID="11062" Nom="JEKIC" Prenom="Mihaela" Sexe="F" Nation="CAN" Licence="17031981001" Statut="N" DateNaissance="17.03.1981" Classement="304" Points="0" />
    <Tireur ID="6609" Nom="JEMAL" Prenom="Alexis" Sexe="F" Nation="USA" Licence="05111981000" Statut="N" DateNaissance="05.11.1981" Classement="72" Points="24" />
    <Tireur ID="4304" Nom="JOHANNSDOTTIR" Prenom="Gudrun" Sexe="F" Nation="ISL" Licence="12051975000" Statut="N" DateNaissance="12.05.1975" Classement="91" Points="16" />
    <Tireur ID="4793" Nom="KANEKO" Prenom="Sakura" Sexe="F" Nation="JPN" Licence="13081979000" Statut="N" DateNaissance="13.08.1979" Classement="19" Points="88" />
    <Tireur ID="4115" Nom="KERECSENYI" Prenom="Georgina" Sexe="F" Nation="HUN" Licence="29081984000" Statut="N" DateNaissance="29.08.1984" Classement="110" Points="10" />
    <Tireur ID="3645" Nom="KLEMM" Prenom="Sibylle" Sexe="F" Nation="GER" Licence="10041984001" Statut="N" DateNaissance="10.04.1984" Classement="26" Points="66" />
    <Tireur ID="3258" Nom="LACHETA" Prenom="Jessica" Sexe="F" Nation="GBR" Licence="25041983001" Statut="N" DateNaissance="25.04.1983" Classement="138" Points="8" />
    <Tireur ID="14353" Nom="LAGERGREN" Prenom="Lisa" Sexe="F" Nation="AUS" Licence="26041977000" Statut="N" DateNaissance="26.04.1977" Classement="258" Points="1" />
    <Tireur ID="13452" Nom="LEMBACH" Prenom="Charlotte" Sexe="F" Nation="FRA" Licence="01041988002" Statut="N" DateNaissance="01.04.1988" Classement="152" Points="6" />
    <Tireur ID="14899" Nom="LIM" Prenom="Nana Yean Hong" Sexe="F" Nation="SIN" Licence="07021974000" Statut="N" DateNaissance="07.02.1974" Classement="195" Points="4" />
    <Tireur ID="2007" Nom="LUPIEN" Prenom="Katy" Sexe="F" Nation="CAN" Licence="30081986000" Statut="N" DateNaissance="30.08.1986" Classement="239" Points="2" />
    <Tireur ID="2941" Nom="MARY" Prenom="Solenne" Sexe="F" Nation="FRA" Licence="02031981001" Statut="N" DateNaissance="02.03.1981" Classement="21" Points="82" />
    <Tireur ID="14369" Nom="MCCOMBIE" Prenom="Maxine" Sexe="F" Nation="GBR" Licence="08031980003" Statut="N" DateNaissance="08.03.1980" Classement="211" Points="2" />
    <Tireur ID="12185" Nom="MCWILLIAMS" Prenom="Margaret" Sexe="F" Nation="GBR" Licence="09111976001" Statut="N" DateNaissance="09.11.1976" Classement="271" Points="0" />
    <Tireur ID="14366" Nom="MONGER" Prenom="Claire Jane" Sexe="F" Nation="GBR" Licence="20101969000" Statut="N" DateNaissance="20.10.1969" Classement="259" Points="1" />
    <Tireur ID="11817" Nom="MOORHOUSE" Prenom="Alexandra" Sexe="F" Nation="GBR" Licence="03121988000" Statut="N" DateNaissance="03.12.1988" Classement="267" Points="0" />
    <Tireur ID="10494" Nom="NAKAYAMA" Prenom="Seira" Sexe="F" Nation="JPN" Licence="22111983007" Statut="N" DateNaissance="22.11.1983" Classement="34" Points="56" />
    <Tireur ID="7739" Nom="NAVARRO" Prenom="Araceli" Sexe="F" Nation="ESP" Licence="09081989000" Statut="N" DateNaissance="09.08.1989" Classement="50" Points="36" />
    <Tireur ID="3308" Nom="NICOLL" Prenom="Chrystall" Sexe="F" Nation="GBR" Licence="21051986000" Statut="N" DateNaissance="21.05.1986" Classement="76" Points="20" />
    <Tireur ID="7759" Nom="OVTCHINNIKOVA" Prenom="Olga" Sexe="F" Nation="CAN" Licence="06021987002" Statut="N" DateNaissance="06.02.1987" Classement="191" Points="4" />
    <Tireur ID="12479" Nom="PALU" Prenom="Flora" Sexe="F" Nation="FRA" Licence="13071988001" Statut="N" DateNaissance="13.07.1988" Classement="93" Points="14" />
    <Tireur ID="2992" Nom="POUTEIL-NOBLE" Prenom="Eve" Sexe="F" Nation="FRA" Licence="07061981002" Statut="N" DateNaissance="07.06.1981" Classement="151" Points="6" />
    <Tireur ID="10037" Nom="PRESSMAR" Prenom="Julia" Sexe="F" Nation="GER" Licence="30081988001" Statut="N" DateNaissance="30.08.1988" Classement="178" Points="4" />
    <Tireur ID="6688" Nom="PROVIDENZA" Prenom="Valerie" Sexe="F" Nation="USA" Licence="11031985000" Statut="N" DateNaissance="11.03.1985" Classement="148" Points="6" />
    <Tireur ID="14895" Nom="ROBERTS" Prenom="Kira" Sexe="F" Nation="GBR" Licence="10101989000" Statut="N" DateNaissance="10.10.1989" Classement="268" Points="0" />
    <Tireur ID="2038" Nom="SASCHENBRECKER" Prenom="Wendy" Sexe="F" Nation="CAN" Licence="24061976000" Statut="N" DateNaissance="24.06.1976" Classement="66" Points="26" />
    <Tireur ID="2040" Nom="SASSINE" Prenom="Sandra" Sexe="F" Nation="CAN" Licence="20091979000" Statut="N" DateNaissance="20.09.1979" Classement="35" Points="54" />
    <Tireur ID="7829" Nom="SAWORSKI" Prenom="Donna" Sexe="F" Nation="CAN" Licence="04101960000" Statut="N" DateNaissance="04.10.1960" Classement="65" Points="28" />
    <Tireur ID="7237" Nom="STENNER" Prenom="Robynne" Sexe="F" Nation="GBR" Licence="17011988000" Statut="N" DateNaissance="17.01.1988" Classement="159" Points="4" />
    <Tireur ID="6742" Nom="THOMPSON" Prenom="Caitlin" Sexe="F" Nation="USA" Licence="02031987000" Statut="N" DateNaissance="02.03.1987" Classement="24" Points="74" />
    <Tireur ID="4242" Nom="VARGA" Prenom="Dora" Sexe="F" Nation="HUN" Licence="11031986003" Statut="N" DateNaissance="11.03.1986" Classement="75" Points="22" />
    <Tireur ID="3059" Nom="VERGNE" Prenom="Carole" Sexe="F" Nation="FRA" Licence="07081985001" Statut="N" DateNaissance="07.08.1985" Classement="52" Points="36" />
    <Tireur ID="12963" Nom="VILA" Prenom="Laia" Sexe="F" Nation="ESP" Licence="30121990000" Statut="N" DateNaissance="30.12.1990" Classement="94" Points="14" />
    <Tireur ID="12104" Nom="VLOKA" Prenom="Caroline" Sexe="F" Nation="USA" Licence="14041990000" Statut="N" DateNaissance="14.04.1990" Classement="111" Points="10" />
    <Tireur ID="14380" Nom="WADDINGTON" Prenom="Christie" Sexe="F" Nation="GBR" Licence="09081986002" Statut="N" DateNaissance="09.08.1986" Classement="161" Points="4" />
    <Tireur ID="11650" Nom="WARD" Prenom="Rebecca" Sexe="F" Nation="USA" Licence="07021990000" Statut="N" DateNaissance="07.02.1990" Classement="2" Points="256" />
    <Tireur ID="9199" Nom="WOZNIAK" Prenom="Dagmara" Sexe="F" Nation="USA" Licence="01071988000" Statut="N" DateNaissance="01.07.1988" Classement="57" Points="32" />
    <Tireur ID="6783" Nom="ZAGUNIS" Prenom="Mariel" Sexe="F" Nation="USA" Licence="03031985001" Statut="N" DateNaissance="03.03.1985" Classement="1" Points="328" />
  </Tireurs>
  <Arbitres>
    <Arbitre ID="45" Nom="GROUPIERRE" Prenom="Victor Sergio" Sexe="M" Nation="ARG" Categorie="B" Licence="29121947000" DateNaissance="29.12.1947" />
    <Arbitre ID="15262" Nom="ROVITTI" Prenom="Guillermo David" Sexe="M" Nation="ARG" Categorie="B" Licence="13061966000" DateNaissance="13.06.1966" />
    <Arbitre ID="133" Nom="TURIACE" Prenom="Sergio" Sexe="M" Nation="ARG" Categorie="B" Licence="17021963000" DateNaissance="17.02.1963" />
    <Arbitre ID="135" Nom="MADOIAN" Prenom="Artach" Sexe="M" Nation="ARM" Categorie="B" Licence="08061960001" DateNaissance="08.06.1960" />
    <Arbitre ID="136" Nom="MANOUKIAN" Prenom="Ichakhan" Sexe="M" Nation="ARM" Categorie="B" Licence="27081950000" DateNaissance="27.08.1950" />
    <Arbitre ID="14615" Nom="BRIGOLA" Prenom="Peter" Sexe="M" Nation="AUT" Categorie="B" Licence="18111960000" DateNaissance="18.11.1960" />
    <Arbitre ID="176" Nom="LOTTSPEICH" Prenom="Johann" Sexe="M" Nation="AUT" Categorie="A" Licence="06071949000" DateNaissance="06.07.1949" />
    <Arbitre ID="8903" Nom="VALIYEV" Prenom="Fikrat" Sexe="M" Nation="AZE" Categorie="B" Licence="23051972000" DateNaissance="23.05.1972" />
    <Arbitre ID="1718" Nom="ANTONIS" Prenom="Olivier" Sexe="M" Nation="BEL" Categorie="B" Licence="16031976000" DateNaissance="16.03.1976" />
    <Arbitre ID="10913" Nom="POIZAT" Prenom="Renaud" Sexe="M" Nation="BEL" Categorie="B" Licence="13061967000" DateNaissance="13.06.1967" />
    <Arbitre ID="190" Nom="AKULICH" Prenom="Gennadi" Sexe="M" Nation="BLR" Categorie="B" Licence="12101948000" DateNaissance="12.10.1948" />
    <Arbitre ID="1825" Nom="LAHOTSKA" Prenom="Maksim" Sexe="M" Nation="BLR" Categorie="B" Licence="12051968000" DateNaissance="12.05.1968" />
    <Arbitre ID="192" Nom="PRIKHODKO" Prenom="Serguei" Sexe="M" Nation="BLR" Categorie="A" Licence="18031947000" DateNaissance="18.03.1947" />
    <Arbitre ID="193" Nom="FINARDI" Prenom="Luciano" Sexe="M" Nation="BRA" Categorie="B" Licence="15011966000" DateNaissance="15.01.1966" />
    <Arbitre ID="202" Nom="TROIS DE AVILA" Prenom="Regis" Sexe="M" Nation="BRA" Categorie="B" Licence="17101963000" DateNaissance="17.10.1963" />
    <Arbitre ID="211" Nom="HRISTOV" Prenom="Hristo" Sexe="M" Nation="BUL" Categorie="A" Licence="17041951000" DateNaissance="17.04.1951" />
    <Arbitre ID="212" Nom="HRISTOV" Prenom="Vladimir" Sexe="M" Nation="BUL" Categorie="B" Licence="29121948000" DateNaissance="29.12.1948" />
    <Arbitre ID="214" Nom="MARINTCHECHKI" Prenom="Nikolai" Sexe="M" Nation="BUL" Categorie="A" Licence="18121957000" DateNaissance="18.12.1957" />
    <Arbitre ID="1897" Nom="MILENCHEV" Prenom="Vassil" Sexe="M" Nation="BUL" Categorie="B" Licence="02111970000" DateNaissance="02.11.1970" />
    <Arbitre ID="223" Nom="BELMONTE" Prenom="Manuel" Sexe="M" Nation="CAN" Categorie="B" Licence="19041957000" DateNaissance="19.04.1957" />
    <Arbitre ID="226" Nom="BOUNACHADA" Prenom="Ayach" Sexe="M" Nation="CAN" Categorie="B" Licence="01021962000" DateNaissance="01.02.1962" />
    <Arbitre ID="227" Nom="CANTIN" Prenom="Pascal" Sexe="M" Nation="CAN" Categorie="B" Licence="01051978001" DateNaissance="01.05.1978" />
    <Arbitre ID="15009" Nom="NGUYEN" Prenom="Thomas" Sexe="M" Nation="CAN" Categorie="B" Licence="09101972000" DateNaissance="09.10.1972" />
    <Arbitre ID="247" Nom="VASQUEZ" Prenom="Rodrigo" Sexe="M" Nation="CHI" Categorie="B" Licence="22111957000" DateNaissance="22.11.1957" />
    <Arbitre ID="250" Nom="CHEN" Prenom="Yu" Sexe="M" Nation="CHN" Categorie="B" Licence="01011965000" DateNaissance="01.01.1965" />
    <Arbitre ID="253" Nom="CHU" Prenom="Shisheng" Sexe="M" Nation="CHN" Categorie="B" Licence="05101959000" DateNaissance="05.10.1959" />
    <Arbitre ID="16668" Nom="JIANG" Prenom="Yefei" Sexe="M" Nation="CHN" Categorie="B" Licence="29091967001" DateNaissance="29.09.1967" />
    <Arbitre ID="19249" Nom="LI" Prenom="Qingfeng" Sexe="M" Nation="CHN" Categorie="B" Licence="11011971001" DateNaissance="11.01.1971" />
    <Arbitre ID="267" Nom="MAO" Prenom="Wei Xun" Sexe="M" Nation="CHN" Categorie="B" Licence="08011968000" DateNaissance="06.11.1983" />
    <Arbitre ID="16667" Nom="QIAO" Prenom="Min" Sexe="M" Nation="CHN" Categorie="B" Licence="12061970001" DateNaissance="12.06.1970" />
    <Arbitre ID="16694" Nom="WANG" Prenom="Xingqi" Sexe="M" Nation="CHN" Categorie="B" Licence="02031962001" DateNaissance="02.03.1962" />
    <Arbitre ID="13845" Nom="YANG" Prenom="Zhen" Sexe="M" Nation="CHN" Categorie="B" Licence="29091967000" DateNaissance="29.09.1967" />
    <Arbitre ID="277" Nom="ZHANG" Prenom="Shuang Xi" Sexe="M" Nation="CHN" Categorie="B" Licence="08021963000" DateNaissance="08.02.1963" />
    <Arbitre ID="279" Nom="ZHANG" Prenom="Yong Chun" Sexe="M" Nation="CHN" Categorie="B" Licence="22011962001" DateNaissance="06.11.1983" />
    <Arbitre ID="284" Nom="ZHAO" Prenom="Chuan Jie" Sexe="M" Nation="CHN" Categorie="B" Licence="02081962000" DateNaissance="02.08.1962" />
    <Arbitre ID="2107" Nom="RAMIREZ ABADIA" Prenom="Histor giovanny" Sexe="M" Nation="COL" Categorie="B" Licence="08101968000" DateNaissance="08.10.1968" />
    <Arbitre ID="2106" Nom="VELASCO PARRA" Prenom="Luis Fernando" Sexe="M" Nation="COL" Categorie="B" Licence="04011969000" DateNaissance="04.01.1969" />
    <Arbitre ID="326" Nom="LAVERDEZA MONTOYA" Prenom="Jose" Sexe="M" Nation="CUB" Categorie="B" Licence="06081960000" DateNaissance="06.08.1960" />
    <Arbitre ID="351" Nom="TANDRON LAM" Prenom="Alain" Sexe="M" Nation="CUB" Categorie="B" Licence="23021972000" DateNaissance="23.02.1972" />
    <Arbitre ID="2303" Nom="JORGENSEN" Prenom="Jens-Normann" Sexe="M" Nation="DEN" Categorie="B" Licence="01071951000" DateNaissance="01.07.1951" />
    <Arbitre ID="410" Nom="ABDELAZIZ" Prenom="Abdelwahab Yehia" Sexe="M" Nation="EGY" Categorie="B" Licence="10011959000" DateNaissance="10.01.1959" />
    <Arbitre ID="380" Nom="HASSAN" Prenom="Mohamed" Sexe="M" Nation="EGY" Categorie="B" Licence="21111974001" DateNaissance="21.11.1974" />
    <Arbitre ID="395" Nom="MOUNIR" Prenom="Ayman" Sexe="M" Nation="EGY" Categorie="B" Licence="15101967000" DateNaissance="15.10.1967" />
    <Arbitre ID="417" Nom="ACEVEDO" Prenom="Pablo" Sexe="M" Nation="ESP" Categorie="B" Licence="01101977000" DateNaissance="01.10.1977" />
    <Arbitre ID="419" Nom="ALVAREZ" Prenom="Jose l." Sexe="M" Nation="ESP" Categorie="B" Licence="22011969001" DateNaissance="22.01.1969" />
    <Arbitre ID="425" Nom="CASARES" Prenom="Ignacio" Sexe="M" Nation="ESP" Categorie="B" Licence="30061977001" DateNaissance="30.06.1977" />
    <Arbitre ID="426" Nom="CASARRUBIOS" Prenom="Carlos" Sexe="M" Nation="ESP" Categorie="B" Licence="20031961000" DateNaissance="20.03.1961" />
    <Arbitre ID="435" Nom="GARCIA" Prenom="Wenceslao" Sexe="M" Nation="ESP" Categorie="B" Licence="20021956000" DateNaissance="20.02.1956" />
    <Arbitre ID="2476" Nom="GONZALEZ CARPENA" Prenom="Alfredo" Sexe="M" Nation="ESP" Categorie="B" Licence="02081981002" DateNaissance="02.08.1981" />
    <Arbitre ID="2479" Nom="GUERRA" Prenom="Francisco Jose" Sexe="M" Nation="ESP" Categorie="B" Licence="22061968000" DateNaissance="22.06.1968" />
    <Arbitre ID="440" Nom="LORENZO" Prenom="Javier" Sexe="M" Nation="ESP" Categorie="B" Licence="22061960001" DateNaissance="22.06.1960" />
    <Arbitre ID="443" Nom="MARTIN" Prenom="Francisco" Sexe="M" Nation="ESP" Categorie="B" Licence="26091951000" DateNaissance="26.09.1951" />
    <Arbitre ID="2514" Nom="MENDOZA" Prenom="Jonathan" Sexe="M" Nation="ESP" Categorie="B" Licence="03051982001" DateNaissance="03.05.1982" />
    <Arbitre ID="452" Nom="OTAEGUI" Prenom="Igor" Sexe="M" Nation="ESP" Categorie="B" Licence="22051970001" DateNaissance="22.05.1970" />
    <Arbitre ID="453" Nom="PADILLA" Prenom="Javier" Sexe="M" Nation="ESP" Categorie="B" Licence="25061966000" DateNaissance="25.06.1966" />
    <Arbitre ID="14628" Nom="PEDREGOSA" Prenom="Juan Miguel" Sexe="M" Nation="ESP" Categorie="B" Licence="04071980000" DateNaissance="04.07.1980" />
    <Arbitre ID="456" Nom="PEINADOR" Prenom="Raul" Sexe="M" Nation="ESP" Categorie="B" Licence="19081968000" DateNaissance="19.08.1968" />
    <Arbitre ID="459" Nom="PUEYO" Prenom="Francisco" Sexe="M" Nation="ESP" Categorie="A" Licence="23041957000" DateNaissance="23.04.1957" />
    <Arbitre ID="2544" Nom="REJAS DEL CAMPO" Prenom="Pablo" Sexe="M" Nation="ESP" Categorie="B" Licence="14051983000" DateNaissance="14.05.1983" />
    <Arbitre ID="7731" Nom="VALLEJO" Prenom="Guillermo" Sexe="M" Nation="ESP" Categorie="B" Licence="21051983001" DateNaissance="21.05.1983" />
    <Arbitre ID="470" Nom="VAZQUEZ" Prenom="Daniel" Sexe="M" Nation="ESP" Categorie="B" Licence="17111976001" DateNaissance="17.11.1976" />
    <Arbitre ID="2676" Nom="ROMAN" Prenom="Mika" Sexe="M" Nation="FIN" Categorie="B" Licence="29071974000" DateNaissance="29.07.1974" />
    <Arbitre ID="20032" Nom="BENOIT" Prenom="Richard" Sexe="M" Nation="FRA" Categorie="A" Licence="06101951000" DateNaissance="06.10.1951" />
    <Arbitre ID="508" Nom="CORLOSQUET" Prenom="Phillippe" Sexe="M" Nation="FRA" Categorie="B" Licence="15101965000" DateNaissance="15.10.1965" />
    <Arbitre ID="516" Nom="DUPAS" Prenom="Cedric" Sexe="M" Nation="FRA" Categorie="B" Licence="06081981002" DateNaissance="06.08.1981" />
    <Arbitre ID="518" Nom="GABY" Prenom="Bruno" Sexe="M" Nation="FRA" Categorie="B" Licence="19121956000" DateNaissance="19.12.1956" />
    <Arbitre ID="528" Nom="KAS" Prenom="Geza" Sexe="M" Nation="FRA" Categorie="B" Licence="21021958001" DateNaissance="21.02.1958" />
    <Arbitre ID="535" Nom="LIMBARDET" Prenom="Christophe" Sexe="M" Nation="FRA" Categorie="B" Licence="30061968000" DateNaissance="30.06.1968" />
    <Arbitre ID="540" Nom="MAUMUS" Prenom="Eric" Sexe="M" Nation="FRA" Categorie="B" Licence="30041971000" DateNaissance="30.04.1971" />
    <Arbitre ID="542" Nom="MIE" Prenom="Christophe" Sexe="M" Nation="FRA" Categorie="B" Licence="22061970001" DateNaissance="22.06.1970" />
    <Arbitre ID="3005" Nom="REYNEN" Prenom="Anne-Sophie" Sexe="F" Nation="FRA" Categorie="B" Licence="07091982002" DateNaissance="07.09.1982" />
    <Arbitre ID="8043" Nom="BOWERS" Prenom="Keith" Sexe="M" Nation="GBR" Categorie="B" Licence="14101980002" DateNaissance="14.10.1980" />
    <Arbitre ID="580" Nom="GREENING" Prenom="Paul" Sexe="M" Nation="GBR" Categorie="B" Licence="06101958000" DateNaissance="06.10.1958" />
    <Arbitre ID="3227" Nom="HULL" Prenom="Rosalind-Eleanor" Sexe="F" Nation="GBR" Categorie="B" Licence="04061981000" DateNaissance="04.06.1981" />
    <Arbitre ID="583" Nom="HUNTER" Prenom="Ian" Sexe="M" Nation="GBR" Categorie="B" Licence="19041949000" DateNaissance="19.04.1949" />
    <Arbitre ID="594" Nom="PHILBIN" Prenom="Jim" Sexe="M" Nation="GBR" Categorie="B" Licence="22071950000" DateNaissance="22.07.1950" />
    <Arbitre ID="3350" Nom="SACH" Prenom="David" Sexe="M" Nation="GBR" Categorie="B" Licence="20081978000" DateNaissance="20.08.1978" />
    <Arbitre ID="600" Nom="SMITH" Prenom="Keith" Sexe="M" Nation="GBR" Categorie="B" Licence="22111962000" DateNaissance="22.11.1962" />
    <Arbitre ID="13972" Nom="WESLEY" Prenom="Susannah" Sexe="F" Nation="GBR" Categorie="B" Licence="19021980000" DateNaissance="19.02.1980" />
    <Arbitre ID="608" Nom="SAKHVADZE" Prenom="David" Sexe="M" Nation="GEO" Categorie="B" Licence="02121969000" DateNaissance="02.12.1969" />
    <Arbitre ID="612" Nom="BEHR" Prenom="Matthias" Sexe="M" Nation="GER" Categorie="B" Licence="01041955000" DateNaissance="01.04.1955" />
    <Arbitre ID="616" Nom="BRANDT" Prenom="Thorsten" Sexe="M" Nation="GER" Categorie="B" Licence="11091962000" DateNaissance="11.09.1962" />
    <Arbitre ID="618" Nom="EIFLER" Prenom="Peter" Sexe="M" Nation="GER" Categorie="B" Licence="28091961000" DateNaissance="28.09.1961" />
    <Arbitre ID="619" Nom="EIGNER" Prenom="Manuel" Sexe="M" Nation="GER" Categorie="B" Licence="26121976000" DateNaissance="26.12.1976" />
    <Arbitre ID="646" Nom="RIEG" Prenom="Peter" Sexe="M" Nation="GER" Categorie="B" Licence="31011965000" DateNaissance="31.01.1965" />
    <Arbitre ID="3815" Nom="SCHUBERT" Prenom="Sven" Sexe="M" Nation="GER" Categorie="B" Licence="14031980000" DateNaissance="14.03.1980" />
    <Arbitre ID="3819" Nom="SCHULZ" Prenom="Marcus" Sexe="M" Nation="GER" Categorie="B" Licence="23031980000" DateNaissance="23.03.1980" />
    <Arbitre ID="656" Nom="WIESINGER" Prenom="Steffen" Sexe="M" Nation="GER" Categorie="B" Licence="27111969000" DateNaissance="27.11.1969" />
    <Arbitre ID="3909" Nom="ZIMMERMANN" Prenom="Daniel" Sexe="M" Nation="GER" Categorie="B" Licence="05071968000" DateNaissance="05.07.1968" />
    <Arbitre ID="664" Nom="BOLLAS" Prenom="Emmanuel" Sexe="M" Nation="GRE" Categorie="B" Licence="26071968000" DateNaissance="26.07.1968" />
    <Arbitre ID="667" Nom="DOUVIS" Prenom="Andreas" Sexe="M" Nation="GRE" Categorie="B" Licence="29051967001" DateNaissance="29.05.1967" />
    <Arbitre ID="10564" Nom="KOSMAS" Prenom="Nikolaos" Sexe="M" Nation="GRE" Categorie="B" Licence="11041977001" DateNaissance="11.04.1977" />
    <Arbitre ID="7776" Nom="KOUKOS" Prenom="Leonidas" Sexe="M" Nation="GRE" Categorie="B" Licence="17091977000" DateNaissance="17.09.1977" />
    <Arbitre ID="3953" Nom="PSYCHAS" Prenom="Nikolaos" Sexe="M" Nation="GRE" Categorie="B" Licence="21061977000" DateNaissance="21.06.1977" />
    <Arbitre ID="10094" Nom="CHENG CHI-HUNG" Prenom="Gerald" Sexe="M" Nation="HKG" Categorie="B" Licence="13031973002" DateNaissance="13.03.1973" />
    <Arbitre ID="3993" Nom="LAI" Prenom="King Tung" Sexe="M" Nation="HKG" Categorie="B" Licence="07091982001" DateNaissance="07.09.1982" />
    <Arbitre ID="3997" Nom="LEE" Prenom="Wing Keung" Sexe="M" Nation="HKG" Categorie="B" Licence="01111970000" DateNaissance="01.11.1970" />
    <Arbitre ID="16664" Nom="LU" Prenom="Teng Ta" Sexe="M" Nation="HKG" Categorie="B" Licence="03111976002" DateNaissance="03.11.1976" />
    <Arbitre ID="695" Nom="WANG" Prenom="Rui Ji" Sexe="M" Nation="HKG" Categorie="B" Licence="09021957000" DateNaissance="09.02.1957" />
    <Arbitre ID="19283" Nom="YU" Prenom="Chui Yee" Sexe="F" Nation="HKG" Categorie="B" Licence="29031984000" DateNaissance="29.03.1984" />
    <Arbitre ID="19252" Nom="ZHENG" Prenom="Kang Zhao" Sexe="M" Nation="HKG" Categorie="B" Licence="17071964000" DateNaissance="17.07.1964" />
    <Arbitre ID="15909" Nom="BOROS" Prenom="Gyorgy" Sexe="M" Nation="HUN" Categorie="B" Licence="22011971000" DateNaissance="22.01.1971" />
    <Arbitre ID="11727" Nom="BUJDOSO" Prenom="Imre" Sexe="M" Nation="HUN" Categorie="B" Licence="12021959000" DateNaissance="12.02.1959" />
    <Arbitre ID="702" Nom="ERDEI" Prenom="Peter" Sexe="M" Nation="HUN" Categorie="A" Licence="09051954000" DateNaissance="09.05.1954" />
    <Arbitre ID="703" Nom="FEHER" Prenom="Gabor" Sexe="M" Nation="HUN" Categorie="B" Licence="14011958000" DateNaissance="14.01.1958" />
    <Arbitre ID="15970" Nom="GEMESI" Prenom="Csaba" Sexe="M" Nation="HUN" Categorie="B" Licence="24021957000" DateNaissance="24.02.1957" />
    <Arbitre ID="707" Nom="GERGACZ" Prenom="Laszlo" Sexe="M" Nation="HUN" Categorie="B" Licence="01101960001" DateNaissance="01.10.1960" />
    <Arbitre ID="708" Nom="GULACSY" Prenom="Ferenc" Sexe="M" Nation="HUN" Categorie="A" Licence="02051954000" DateNaissance="02.05.1954" />
    <Arbitre ID="709" Nom="HIDASI" Prenom="Jozsef" Sexe="M" Nation="HUN" Categorie="B" Licence="07011949000" DateNaissance="07.01.1949" />
    <Arbitre ID="710" Nom="KAPOSVARI" Prenom="Zsolt" Sexe="M" Nation="HUN" Categorie="B" Licence="21011969001" DateNaissance="21.01.1969" />
    <Arbitre ID="7345" Nom="NAVARETTE" Prenom="Jozsef" Sexe="M" Nation="HUN" Categorie="B" Licence="26121965000" DateNaissance="26.12.1965" />
    <Arbitre ID="725" Nom="SZEKELY" Prenom="Zoltan" Sexe="M" Nation="HUN" Categorie="B" Licence="23021952000" DateNaissance="23.02.1952" />
    <Arbitre ID="732" Nom="TOTH" Prenom="Ferenc" Sexe="M" Nation="HUN" Categorie="B" Licence="08081959000" DateNaissance="08.08.1959" />
    <Arbitre ID="734" Nom="VARGA" Prenom="Jozsef" Sexe="M" Nation="HUN" Categorie="B" Licence="05091957001" DateNaissance="05.09.1957" />
    <Arbitre ID="741" Nom="POERAWINATA" Prenom="Glenn" Sexe="M" Nation="INA" Categorie="B" Licence="19031974000" DateNaissance="19.03.1974" />
    <Arbitre ID="746" Nom="WARYADIH" Prenom="Edih" Sexe="M" Nation="INA" Categorie="B" Licence="25061967000" DateNaissance="25.06.1967" />
    <Arbitre ID="758" Nom="POURSALMAN" Prenom="Alireza" Sexe="M" Nation="IRI" Categorie="B" Licence="20081975000" DateNaissance="20.08.1975" />
    <Arbitre ID="760" Nom="REZAEE TADI" Prenom="Ghodratollah" Sexe="M" Nation="IRI" Categorie="B" Licence="15011974000" DateNaissance="15.01.1974" />
    <Arbitre ID="8887" Nom="SARSHOGH" Prenom="Mojtaba" Sexe="M" Nation="IRI" Categorie="B" Licence="22101974000" DateNaissance="22.10.1974" />
    <Arbitre ID="763" Nom="SHEIKHOLESLAM" Prenom="Mohammad R." Sexe="M" Nation="IRI" Categorie="B" Licence="01091956000" DateNaissance="01.09.1956" />
    <Arbitre ID="766" Nom="VESALI" Prenom="Ali Reza" Sexe="M" Nation="IRI" Categorie="A" Licence="13121961000" DateNaissance="13.12.1961" />
    <Arbitre ID="768" Nom="OTHMAN" Prenom="Muhannad" Sexe="M" Nation="IRQ" Categorie="B" Licence="14071963000" DateNaissance="14.07.1963" />
    <Arbitre ID="4294" Nom="BERGSVEINSSON" Prenom="Kristmundur" Sexe="M" Nation="ISL" Categorie="B" Licence="08011963000" DateNaissance="08.01.1963" />
    <Arbitre ID="769" Nom="MATEEV" Prenom="Nikolay" Sexe="M" Nation="ISL" Categorie="B" Licence="03021960000" DateNaissance="03.02.1960" />
    <Arbitre ID="788" Nom="KAROLITSKY" Prenom="Alexandre" Sexe="M" Nation="ISR" Categorie="B" Licence="01011953000" DateNaissance="01.01.1953" />
    <Arbitre ID="793" Nom="ACQUAVIVA" Prenom="Vincenzo" Sexe="M" Nation="ITA" Categorie="B" Licence="13071967000" DateNaissance="13.07.1967" />
    <Arbitre ID="798" Nom="CANNELLA" Prenom="Marco" Sexe="M" Nation="ITA" Categorie="B" Licence="02061964000" DateNaissance="02.06.1964" />
    <Arbitre ID="801" Nom="CHIEI" Prenom="Luca" Sexe="M" Nation="ITA" Categorie="B" Licence="25101964000" DateNaissance="25.10.1964" />
    <Arbitre ID="7914" Nom="D'ACUNTI" Prenom="Marco" Sexe="M" Nation="ITA" Categorie="B" Licence="03031973001" DateNaissance="03.03.1973" />
    <Arbitre ID="819" Nom="LO SCHIAVO" Prenom="Gaspare" Sexe="M" Nation="ITA" Categorie="B" Licence="29061974000" DateNaissance="29.06.1974" />
    <Arbitre ID="10568" Nom="PISTACCHI" Prenom="Marco" Sexe="M" Nation="ITA" Categorie="B" Licence="19041979001" DateNaissance="19.04.1979" />
    <Arbitre ID="4637" Nom="POPOLLA" Prenom="Samantha" Sexe="F" Nation="ITA" Categorie="B" Licence="12011975001" DateNaissance="12.01.1975" />
    <Arbitre ID="828" Nom="RANZA" Prenom="Giuliano" Sexe="M" Nation="ITA" Categorie="B" Licence="20051961000" DateNaissance="20.05.1961" />
    <Arbitre ID="10569" Nom="RUSSO" Prenom="Marco" Sexe="M" Nation="ITA" Categorie="B" Licence="11111969001" DateNaissance="11.11.1969" />
    <Arbitre ID="834" Nom="STAGLIOLI" Prenom="Antonio" Sexe="M" Nation="ITA" Categorie="B" Licence="25021967000" DateNaissance="25.02.1967" />
    <Arbitre ID="10570" Nom="TREBBI" Prenom="Matteo" Sexe="M" Nation="ITA" Categorie="B" Licence="23071974000" DateNaissance="23.07.1974" />
    <Arbitre ID="7924" Nom="VIGILANTE" Prenom="Gabriele" Sexe="M" Nation="ITA" Categorie="B" Licence="19071975000" DateNaissance="19.07.1975" />
    <Arbitre ID="844" Nom="AZUMA" Prenom="Matsuo" Sexe="M" Nation="JPN" Categorie="B" Licence="23051965002" DateNaissance="23.05.1965" />
    <Arbitre ID="845" Nom="AZUMA" Prenom="Nobuyuki" Sexe="M" Nation="JPN" Categorie="B" Licence="07041959000" DateNaissance="07.04.1959" />
    <Arbitre ID="849" Nom="HASHIMOTO" Prenom="Hiroshi" Sexe="M" Nation="JPN" Categorie="B" Licence="30101964000" DateNaissance="30.10.1964" />
    <Arbitre ID="850" Nom="HIROOKA" Prenom="Hareo" Sexe="M" Nation="JPN" Categorie="B" Licence="09041951000" DateNaissance="09.04.1951" />
    <Arbitre ID="12754" Nom="KAI" Prenom="Masahiko" Sexe="M" Nation="JPN" Categorie="B" Licence="09111959001" DateNaissance="09.11.1959" />
    <Arbitre ID="868" Nom="SAITA" Prenom="Mamoru" Sexe="M" Nation="JPN" Categorie="B" Licence="09061968000" DateNaissance="09.06.1968" />
    <Arbitre ID="869" Nom="SAWADA" Prenom="Satoshi" Sexe="M" Nation="JPN" Categorie="B" Licence="06021957000" DateNaissance="06.02.1957" />
    <Arbitre ID="874" Nom="YAMAGUCHI" Prenom="Katsumi" Sexe="M" Nation="JPN" Categorie="B" Licence="24121967000" DateNaissance="24.12.1967" />
    <Arbitre ID="877" Nom="DIAKOKIN" Prenom="Vilor" Sexe="M" Nation="KAZ" Categorie="B" Licence="24111957000" DateNaissance="24.11.1957" />
    <Arbitre ID="887" Nom="DO" Prenom="Tae kwan" Sexe="M" Nation="KOR" Categorie="B" Licence="05081957000" DateNaissance="05.08.1957" />
    <Arbitre ID="919" Nom="LEE" Prenom="Byung Nam" Sexe="M" Nation="KOR" Categorie="B" Licence="25031964000" DateNaissance="25.03.1964" />
    <Arbitre ID="937" Nom="SEO" Prenom="Bum Suk" Sexe="M" Nation="KOR" Categorie="B" Licence="17071961000" DateNaissance="17.07.1961" />
    <Arbitre ID="958" Nom="ABDULKARIM" Prenom="Al Shamlan" Sexe="M" Nation="KUW" Categorie="B" Licence="12051972000" DateNaissance="12.05.1972" />
    <Arbitre ID="5086" Nom="FAISAL" Prenom="Tareq n" Sexe="M" Nation="KUW" Categorie="B" Licence="17071975001" DateNaissance="17.07.1975" />
    <Arbitre ID="972" Nom="FARES" Prenom="Abdulrazaq" Sexe="M" Nation="KUW" Categorie="B" Licence="20101974002" DateNaissance="20.10.1974" />
    <Arbitre ID="5088" Nom="HASSAN" Prenom="Mohamed N" Sexe="M" Nation="KUW" Categorie="B" Licence="01041981000" DateNaissance="01.04.1981" />
    <Arbitre ID="995" Nom="HUSAIN AYA" Prenom="Wael" Sexe="M" Nation="KUW" Categorie="B" Licence="08111971001" DateNaissance="08.11.1971" />
    <Arbitre ID="991" Nom="RASHED" Prenom="Shabab Al Shmali" Sexe="M" Nation="KUW" Categorie="B" Licence="15121973003" DateNaissance="15.12.1973" />
    <Arbitre ID="9337" Nom="PAGHIEV" Prenom="Mihail" Sexe="M" Nation="MDA" Categorie="B" Licence="22071965001" DateNaissance="22.07.1965" />
    <Arbitre ID="1039" Nom="OSKAMP" Prenom="Anton" Sexe="M" Nation="NED" Categorie="B" Licence="24041965000" DateNaissance="24.04.1965" />
    <Arbitre ID="5223" Nom="PLANTINGA" Prenom="Teun" Sexe="M" Nation="NED" Categorie="B" Licence="14051974000" DateNaissance="14.05.1974" />
    <Arbitre ID="1048" Nom="ZAJITSKI" Prenom="Georgy" Sexe="M" Nation="NOR" Categorie="B" Licence="05021946000" DateNaissance="05.02.1946" />
    <Arbitre ID="1075" Nom="FUENZALIDA" Prenom="Richard" Sexe="M" Nation="PHI" Categorie="B" Licence="09091977001" DateNaissance="09.09.1977" />
    <Arbitre ID="1076" Nom="GARCIA" Prenom="Venerando" Sexe="M" Nation="PHI" Categorie="B" Licence="14111949000" DateNaissance="14.11.1949" />
    <Arbitre ID="1086" Nom="REYES" Prenom="Michelle" Sexe="F" Nation="PHI" Categorie="B" Licence="28071966001" DateNaissance="28.07.1966" />
    <Arbitre ID="18" Nom="BIERKOWSKI" Prenom="Jacek" Sexe="M" Nation="POL" Categorie="A" Licence="17041948000" DateNaissance="17.04.1948" />
    <Arbitre ID="1091" Nom="CHUDZIKIEWICZ" Prenom="Maciej" Sexe="M" Nation="POL" Categorie="B" Licence="09061950000" DateNaissance="09.06.1950" />
    <Arbitre ID="1097" Nom="KISIEL" Prenom="Jaroslaw" Sexe="M" Nation="POL" Categorie="B" Licence="22051964000" DateNaissance="22.05.1964" />
    <Arbitre ID="16115" Nom="LITWINSKI" Prenom="Maciej" Sexe="M" Nation="POL" Categorie="B" Licence="11021976002" DateNaissance="11.02.1976" />
    <Arbitre ID="1104" Nom="MORYS" Prenom="Michal" Sexe="M" Nation="POL" Categorie="B" Licence="06101962000" DateNaissance="06.10.1962" />
    <Arbitre ID="1105" Nom="NOWINOWSKI" Prenom="Dariusz" Sexe="M" Nation="POL" Categorie="B" Licence="12031971001" DateNaissance="12.03.1971" />
    <Arbitre ID="1108" Nom="PIGULA" Prenom="Tadeusz" Sexe="M" Nation="POL" Categorie="A" Licence="10081952000" DateNaissance="10.08.1952" />
    <Arbitre ID="5448" Nom="PIGULA" Prenom="Tomasz" Sexe="M" Nation="POL" Categorie="B" Licence="19051975000" DateNaissance="19.05.1975" />
    <Arbitre ID="1131" Nom="PARRILLA" Prenom="Ulpiano" Sexe="M" Nation="PUR" Categorie="B" Licence="16011953000" DateNaissance="16.01.1953" />
    <Arbitre ID="16734" Nom="YAHYA" Prenom="Qasim Abdulla" Sexe="M" Nation="QAT" Categorie="B" Licence="18081984002" DateNaissance="18.08.1984" />
    <Arbitre ID="1137" Nom="BITUKA" Prenom="Iulian" Sexe="M" Nation="ROM" Categorie="B" Licence="03091949000" DateNaissance="03.09.1949" />
    <Arbitre ID="1143" Nom="FLOREA" Prenom="Marius" Sexe="M" Nation="ROM" Categorie="B" Licence="23051965000" DateNaissance="23.05.1965" />
    <Arbitre ID="1153" Nom="OANCEA" Prenom="Emil" Sexe="M" Nation="ROM" Categorie="B" Licence="16121953000" DateNaissance="16.12.1953" />
    <Arbitre ID="1161" Nom="SZABO" Prenom="Vilmos" Sexe="M" Nation="ROM" Categorie="B" Licence="30121964000" DateNaissance="30.12.1964" />
    <Arbitre ID="14675" Nom="ALSHAN" Prenom="Andrey" Sexe="M" Nation="RUS" Categorie="B" Licence="18031960000" DateNaissance="18.03.1960" />
    <Arbitre ID="20161" Nom="BYKOV" Prenom="Andrey" Sexe="M" Nation="RUS" Categorie="B" Licence="22071964001" DateNaissance="22.07.1964" />
    <Arbitre ID="14673" Nom="CHECHNEV" Prenom="Sergey" Sexe="M" Nation="RUS" Categorie="B" Licence="26041981001" DateNaissance="26.04.1981" />
    <Arbitre ID="1213" Nom="NIKISHIN" Prenom="Alexander" Sexe="M" Nation="RUS" Categorie="B" Licence="16111955000" DateNaissance="16.11.1955" />
    <Arbitre ID="14677" Nom="SHAMIS" Prenom="Vladislav" Sexe="M" Nation="RUS" Categorie="B" Licence="01031976001" DateNaissance="01.03.1976" />
    <Arbitre ID="1222" Nom="TSOUKHLO" Prenom="Eugeni" Sexe="M" Nation="RUS" Categorie="B" Licence="15041962000" DateNaissance="15.04.1962" />
    <Arbitre ID="5868" Nom="NDIAYE" Prenom="Coumba ndoffene" Sexe="M" Nation="SEN" Categorie="B" Licence="09111976000" DateNaissance="09.11.1976" />
    <Arbitre ID="5875" Nom="TOURE" Prenom="Pape khassoum" Sexe="M" Nation="SEN" Categorie="B" Licence="28091978000" DateNaissance="28.09.1978" />
    <Arbitre ID="761" Nom="SALEKI" Prenom="Khashayar" Sexe="M" Nation="SUI" Categorie="B" Licence="11091968000" DateNaissance="11.09.1968" />
    <Arbitre ID="1284" Nom="CHEN" Prenom="Chiu-wei" Sexe="M" Nation="TPE" Categorie="B" Licence="29061952000" DateNaissance="29.06.1952" />
    <Arbitre ID="1302" Nom="BESBES" Prenom="Hayet" Sexe="F" Nation="TUN" Categorie="B" Licence="09041957000" DateNaissance="09.04.1957" />
    <Arbitre ID="1308" Nom="FERIANI" Prenom="Ziad" Sexe="M" Nation="TUN" Categorie="B" Licence="12091963000" DateNaissance="12.09.1963" />
    <Arbitre ID="8025" Nom="FERJANI" Prenom="Mohamed Ayoub" Sexe="M" Nation="TUN" Categorie="B" Licence="27071986000" DateNaissance="27.07.1986" />
    <Arbitre ID="41" Nom="FERJANI" Prenom="Salah" Sexe="M" Nation="TUN" Categorie="B" Licence="05021954000" DateNaissance="05.02.1954" />
    <Arbitre ID="6348" Nom="REBAI" Prenom="Mohamed" Sexe="M" Nation="TUN" Categorie="B" Licence="08051977000" DateNaissance="08.05.1977" />
    <Arbitre ID="10573" Nom="GULEN" Prenom="Burcin" Sexe="M" Nation="TUR" Categorie="B" Licence="03061979002" DateNaissance="03.06.1979" />
    <Arbitre ID="1326" Nom="SENER" Prenom="Halim" Sexe="M" Nation="TUR" Categorie="B" Licence="27071956000" DateNaissance="27.07.1956" />
    <Arbitre ID="16234" Nom="GORDON" Prenom="Maksym" Sexe="M" Nation="UKR" Categorie="B" Licence="27111980000" DateNaissance="27.11.1980" />
    <Arbitre ID="7536" Nom="GOUTZAIT" Prenom="Vadim" Sexe="M" Nation="UKR" Categorie="B" Licence="06101971000" DateNaissance="06.10.1971" />
    <Arbitre ID="1331" Nom="IVANOV" Prenom="Oleksiy" Sexe="M" Nation="UKR" Categorie="B" Licence="03091949001" DateNaissance="03.09.1949" />
    <Arbitre ID="8040" Nom="SHTURBABIN" Prenom="Vadym" Sexe="M" Nation="UKR" Categorie="B" Licence="03081982003" DateNaissance="03.08.1982" />
    <Arbitre ID="1350" Nom="COTTON" Prenom="Derek" Sexe="M" Nation="USA" Categorie="B" Licence="08011965000" DateNaissance="08.01.1965" />
    <Arbitre ID="1353" Nom="FINDLAY" Prenom="Douglas" Sexe="M" Nation="USA" Categorie="B" Licence="03101973000" DateNaissance="03.10.1973" />
    <Arbitre ID="1356" Nom="GLON" Prenom="Wieslaw" Sexe="M" Nation="USA" Categorie="B" Licence="28021954000" DateNaissance="28.02.1954" />
    <Arbitre ID="6618" Nom="KLINKOV" Prenom="Ariana" Sexe="F" Nation="USA" Categorie="B" Licence="08081970000" DateNaissance="08.08.1970" />
    <Arbitre ID="1363" Nom="LILOV" Prenom="Vladimir" Sexe="M" Nation="USA" Categorie="B" Licence="28071948000" DateNaissance="28.07.1948" />
    <Arbitre ID="1369" Nom="MORMANDO" Prenom="Steve" Sexe="M" Nation="USA" Categorie="B" Licence="14081955000" DateNaissance="14.08.1955" />
    <Arbitre ID="1370" Nom="MOSS" Prenom="Jonathan b." Sexe="M" Nation="USA" Categorie="B" Licence="03071953000" DateNaissance="03.07.1953" />
    <Arbitre ID="1378" Nom="TASS" Prenom="Atilio" Sexe="M" Nation="USA" Categorie="B" Licence="07071957000" DateNaissance="07.07.1957" />
    <Arbitre ID="1381" Nom="WASHBURN" Prenom="Charles" Sexe="M" Nation="USA" Categorie="B" Licence="12111964000" DateNaissance="12.11.1964" />
    <Arbitre ID="1392" Nom="LIENDO" Prenom="Juan" Sexe="M" Nation="VEN" Categorie="B" Licence="01031971000" DateNaissance="01.03.1971" />
  </Arbitres>
</BaseCompetitionIndividuelle>